control_id,cosine_mean,cosine_std,rouge_mean,rouge_std,bleu_mean,bleu_std,structural_mean,structural_std,bertscore_mean,bertscore_std,precision_mean,precision_std,recall_mean,recall_std,f1_mean,f1_std,true_positives,gt_count,ai_claims,matched_ai_claims,iterations
148,0.41624550938141186,0.0296820636860506,0.207370380165289,0.02027180665272309,0.03397864667819857,0.009224444669466855,0.6165474593639374,0.045799708929763296,0.1921060174703598,0.018195818855185793,0.24333333333333335,0.19550504398153576,0.1,0.08164965809277261,0.1410989010989011,0.11428529684863707,10,100,38,10,10
149,0.1174750847763906,0.02859689335348564,0.11205607658606002,0.02220696541634501,0.005227582386407256,0.0010516460764115835,0.3797948360443115,0.04256084663132265,-0.05364018063992262,0.06341046096833135,0.016666666666666666,0.05270462766947299,0.02,0.0632455532033676,0.01818181818181818,0.05749595745760689,1,50,42,1,10
150,0.3020968547741356,0.03862706725188314,0.18106865511060133,0.029870382084072795,0.02013161389832521,0.0036092055099248097,0.49853263795375824,0.035144208678836594,0.07013245690613985,0.03889375557819214,0.0,0.0,0.0,0.0,0.0,0.0,0,40,46,0,10
151,0.1439286334923228,0.046268823705678606,0.14519672304490164,0.043024776327510894,0.005795802423628004,0.003548786050684702,0.4784510374069214,0.07691806366056113,-0.010989623866043985,0.04881162196221545,0.0,0.0,0.0,0.0,0.0,0.0,0,100,41,0,10
152,0.12684804379098558,0.03842700562415923,0.11098971552953663,0.029292369893366366,0.0040184235600576245,0.0019505862164435656,0.4673053979873657,0.05864313121556514,-0.026952543359948324,0.06594734077997645,0.2833333333333333,0.3429177636002437,0.1,0.10540925533894599,0.14404761904761906,0.15312010709167886,10,100,35,5,10
153,0.285105100181781,0.022970873901762272,0.13107342105054592,0.03690683348137851,0.0052433483236511026,0.0024938967938184188,0.5163067370653153,0.031065099334186285,0.06390840136446059,0.08776565496396914,0.0,0.0,0.0,0.0,0.0,0.0,0,30,60,0,10
154,0.26067525034344874,0.05341509779767943,0.18320528874822267,0.0242131780758719,0.009009241120440643,0.003606447368825377,0.5310633301734924,0.031575538123376705,0.011232916545122863,0.039350668030483704,0.0,0.0,0.0,0.0,0.0,0.0,0,40,47,0,10
